feature,importance
device_trust_score,0.25523900260931137
multiple_failed_attempts,0.1744158686793445
amount,0.17013090441342613
account_age_days,0.11883017586491607
location_mismatch,0.08975087616947704
num_prev_transactions,0.07998338409919614
high_risk_merchant,0.07765815751236552
is_night_transaction,0.03399163065196315
