system,precision,recall,f1_score,roc_auc
baseline_model,0.4550898203592814,0.6129032258064516,0.5223367697594502,0.8340329945500075
agentic_pipeline,0.37327188940092165,0.6532258064516129,0.4750733137829912,0.8340329945500075
